<annotation>
    <folder>mages</folder>
    <filename>1569733592477.png</filename>
    <path>/client/totoro/images/1569733592477.png</path>
    <source>
        <database>Unknown</database>
    </source>
    <size>
        <width>500</width>
        <height>300</height>
        <depth>3</depth>
    </size>
    <segmented>0</segmented>
    <object>
        <name>totoro</name>
        <pose>Unspecified</pose>
        <truncated>0</truncated>
        <difficult>0</difficult>
        <bndbox>
            <xmin>172</xmin>
            <ymin>266</ymin>
            <xmax>300</xmax>
            <ymax>384</ymax>
        </bndbox>
    </object>
    <object>
        <name>nekobus</name>
        <pose>Unspecified</pose>
        <truncated>0</truncated>
        <difficult>0</difficult>
        <bndbox>
            <xmin>340</xmin>
            <ymin>349</ymin>
            <xmax>481</xmax>
            <ymax>426</ymax>
        </bndbox>
    </object>
</annotation>