<annotation>
    <folder>mages</folder>
    <filename>1569734233417.png</filename>
    <path>/client/totoro/images/1569734233417.png</path>
    <source>
        <database>Unknown</database>
    </source>
    <size>
        <width>500</width>
        <height>300</height>
        <depth>3</depth>
    </size>
    <segmented>0</segmented>
    <object>
        <name>totoro</name>
        <pose>Unspecified</pose>
        <truncated>0</truncated>
        <difficult>0</difficult>
        <bndbox>
            <xmin>374</xmin>
            <ymin>270</ymin>
            <xmax>483</xmax>
            <ymax>366</ymax>
        </bndbox>
    </object>
    <object>
        <name>nekobus</name>
        <pose>Unspecified</pose>
        <truncated>0</truncated>
        <difficult>0</difficult>
        <bndbox>
            <xmin>188</xmin>
            <ymin>353</ymin>
            <xmax>372</xmax>
            <ymax>452</ymax>
        </bndbox>
    </object>
</annotation>