<annotation>
    <folder>mages</folder>
    <filename>1569737326666.png</filename>
    <path>/client/totoro/images/1569737326666.png</path>
    <source>
        <database>Unknown</database>
    </source>
    <size>
        <width>500</width>
        <height>300</height>
        <depth>3</depth>
    </size>
    <segmented>0</segmented>
    <object>
        <name>totoro</name>
        <pose>Unspecified</pose>
        <truncated>0</truncated>
        <difficult>0</difficult>
        <bndbox>
            <xmin>202</xmin>
            <ymin>270</ymin>
            <xmax>349</xmax>
            <ymax>389</ymax>
        </bndbox>
    </object>
    <object>
        <name>nekobus</name>
        <pose>Unspecified</pose>
        <truncated>0</truncated>
        <difficult>0</difficult>
        <bndbox>
            <xmin>376</xmin>
            <ymin>365</ymin>
            <xmax>580</xmax>
            <ymax>464</ymax>
        </bndbox>
    </object>
</annotation>