<annotation>
    <folder>mages</folder>
    <filename>1569581102850.png</filename>
    <path>/client/totoro/images/1569581102850.png</path>
    <source>
        <database>Unknown</database>
    </source>
    <size>
        <width>500</width>
        <height>300</height>
        <depth>3</depth>
    </size>
    <segmented>0</segmented>
    <object>
        <name>totoro</name>
        <pose>Unspecified</pose>
        <truncated>0</truncated>
        <difficult>0</difficult>
        <bndbox>
            <xmin>25</xmin>
            <ymin>246</ymin>
            <xmax>216</xmax>
            <ymax>421</ymax>
        </bndbox>
    </object>
    <object>
        <name>nekobus</name>
        <pose>Unspecified</pose>
        <truncated>0</truncated>
        <difficult>0</difficult>
        <bndbox>
            <xmin>440</xmin>
            <ymin>334</ymin>
            <xmax>538</xmax>
            <ymax>410</ymax>
        </bndbox>
    </object>
</annotation>