<annotation>
    <folder>mages</folder>
    <filename>1569737269979.png</filename>
    <path>/client/totoro/images/1569737269979.png</path>
    <source>
        <database>Unknown</database>
    </source>
    <size>
        <width>500</width>
        <height>300</height>
        <depth>3</depth>
    </size>
    <segmented>0</segmented>
    <object>
        <name>totoro</name>
        <pose>Unspecified</pose>
        <truncated>0</truncated>
        <difficult>0</difficult>
        <bndbox>
            <xmin>21</xmin>
            <ymin>239</ymin>
            <xmax>206</xmax>
            <ymax>424</ymax>
        </bndbox>
    </object>
    <object>
        <name>nekobus</name>
        <pose>Unspecified</pose>
        <truncated>0</truncated>
        <difficult>0</difficult>
        <bndbox>
            <xmin>350</xmin>
            <ymin>352</ymin>
            <xmax>463</xmax>
            <ymax>441</ymax>
        </bndbox>
    </object>
</annotation>