<annotation>
    <folder>mages</folder>
    <filename>1569404593781.png</filename>
    <path>/client/totoro/images/1569404593781.png</path>
    <source>
        <database>Unknown</database>
    </source>
    <size>
        <width>500</width>
        <height>300</height>
        <depth>3</depth>
    </size>
    <segmented>0</segmented>
    <object>
        <name>totoro</name>
        <pose>Unspecified</pose>
        <truncated>0</truncated>
        <difficult>0</difficult>
        <bndbox>
            <xmin>154</xmin>
            <ymin>219</ymin>
            <xmax>445</xmax>
            <ymax>472</ymax>
        </bndbox>
    </object>
    <object>
        <name>nekobus</name>
        <pose>Unspecified</pose>
        <truncated>0</truncated>
        <difficult>0</difficult>
        <bndbox>
            <xmin>0</xmin>
            <ymin>332</ymin>
            <xmax>96</xmax>
            <ymax>418</ymax>
        </bndbox>
    </object>
</annotation>