<annotation>
    <folder>mages</folder>
    <filename>1569404476961.png</filename>
    <path>/client/totoro/images/1569404476961.png</path>
    <source>
        <database>Unknown</database>
    </source>
    <size>
        <width>500</width>
        <height>300</height>
        <depth>3</depth>
    </size>
    <segmented>0</segmented>
    <object>
        <name>totoro</name>
        <pose>Unspecified</pose>
        <truncated>0</truncated>
        <difficult>0</difficult>
        <bndbox>
            <xmin>0</xmin>
            <ymin>227</ymin>
            <xmax>124</xmax>
            <ymax>433</ymax>
        </bndbox>
    </object>
    <object>
        <name>nekobus</name>
        <pose>Unspecified</pose>
        <truncated>0</truncated>
        <difficult>0</difficult>
        <bndbox>
            <xmin>213</xmin>
            <ymin>356</ymin>
            <xmax>388</xmax>
            <ymax>476</ymax>
        </bndbox>
    </object>
</annotation>