<annotation>
    <folder>mages</folder>
    <filename>1569734208962.png</filename>
    <path>/client/totoro/images/1569734208962.png</path>
    <source>
        <database>Unknown</database>
    </source>
    <size>
        <width>500</width>
        <height>300</height>
        <depth>3</depth>
    </size>
    <segmented>0</segmented>
    <object>
        <name>nekobus</name>
        <pose>Unspecified</pose>
        <truncated>0</truncated>
        <difficult>0</difficult>
        <bndbox>
            <xmin>440</xmin>
            <ymin>344</ymin>
            <xmax>560</xmax>
            <ymax>434</ymax>
        </bndbox>
    </object>
    <object>
        <name>totoro</name>
        <pose>Unspecified</pose>
        <truncated>0</truncated>
        <difficult>0</difficult>
        <bndbox>
            <xmin>200</xmin>
            <ymin>270</ymin>
            <xmax>237</xmax>
            <ymax>353</ymax>
        </bndbox>
    </object>
</annotation>