<annotation>
    <folder>mages</folder>
    <filename>1569404598880.png</filename>
    <path>/client/totoro/images/1569404598880.png</path>
    <source>
        <database>Unknown</database>
    </source>
    <size>
        <width>500</width>
        <height>300</height>
        <depth>3</depth>
    </size>
    <segmented>0</segmented>
    <object>
        <name>nekobus</name>
        <pose>Unspecified</pose>
        <truncated>0</truncated>
        <difficult>0</difficult>
        <bndbox>
            <xmin>213</xmin>
            <ymin>337</ymin>
            <xmax>323</xmax>
            <ymax>401</ymax>
        </bndbox>
    </object>
    <object>
        <name>totoro</name>
        <pose>Unspecified</pose>
        <truncated>0</truncated>
        <difficult>0</difficult>
        <bndbox>
            <xmin>375</xmin>
            <ymin>234</ymin>
            <xmax>634</xmax>
            <ymax>461</ymax>
        </bndbox>
    </object>
</annotation>