<annotation>
    <folder>mages</folder>
    <filename>1569733667599.png</filename>
    <path>/client/totoro/images/1569733667599.png</path>
    <source>
        <database>Unknown</database>
    </source>
    <size>
        <width>500</width>
        <height>300</height>
        <depth>3</depth>
    </size>
    <segmented>0</segmented>
    <object>
        <name>totoro</name>
        <pose>Unspecified</pose>
        <truncated>0</truncated>
        <difficult>0</difficult>
        <bndbox>
            <xmin>271</xmin>
            <ymin>237</ymin>
            <xmax>482</xmax>
            <ymax>473</ymax>
        </bndbox>
    </object>
    <object>
        <name>nekobus</name>
        <pose>Unspecified</pose>
        <truncated>0</truncated>
        <difficult>0</difficult>
        <bndbox>
            <xmin>445</xmin>
            <ymin>354</ymin>
            <xmax>530</xmax>
            <ymax>428</ymax>
        </bndbox>
    </object>
</annotation>