<annotation>
    <folder>mages</folder>
    <filename>1569733745887.png</filename>
    <path>/client/totoro/images/1569733745887.png</path>
    <source>
        <database>Unknown</database>
    </source>
    <size>
        <width>500</width>
        <height>300</height>
        <depth>3</depth>
    </size>
    <segmented>0</segmented>
    <object>
        <name>nekobus</name>
        <pose>Unspecified</pose>
        <truncated>0</truncated>
        <difficult>0</difficult>
        <bndbox>
            <xmin>398</xmin>
            <ymin>341</ymin>
            <xmax>497</xmax>
            <ymax>413</ymax>
        </bndbox>
    </object>
    <object>
        <name>totoro</name>
        <pose>Unspecified</pose>
        <truncated>0</truncated>
        <difficult>0</difficult>
        <bndbox>
            <xmin>272</xmin>
            <ymin>280</ymin>
            <xmax>329</xmax>
            <ymax>347</ymax>
        </bndbox>
    </object>
</annotation>