<annotation>
    <folder>mages</folder>
    <filename>1569404586373.png</filename>
    <path>/client/totoro/images/1569404586373.png</path>
    <source>
        <database>Unknown</database>
    </source>
    <size>
        <width>500</width>
        <height>300</height>
        <depth>3</depth>
    </size>
    <segmented>0</segmented>
    <object>
        <name>nekobus</name>
        <pose>Unspecified</pose>
        <truncated>0</truncated>
        <difficult>0</difficult>
        <bndbox>
            <xmin>166</xmin>
            <ymin>339</ymin>
            <xmax>327</xmax>
            <ymax>437</ymax>
        </bndbox>
    </object>
    <object>
        <name>totoro</name>
        <pose>Unspecified</pose>
        <truncated>0</truncated>
        <difficult>0</difficult>
        <bndbox>
            <xmin>381</xmin>
            <ymin>145</ymin>
            <xmax>640</xmax>
            <ymax>480</ymax>
        </bndbox>
    </object>
</annotation>