<annotation>
    <folder>mages</folder>
    <filename>1569404643130.png</filename>
    <path>/client/totoro/images/1569404643130.png</path>
    <source>
        <database>Unknown</database>
    </source>
    <size>
        <width>500</width>
        <height>300</height>
        <depth>3</depth>
    </size>
    <segmented>0</segmented>
    <object>
        <name>totoro</name>
        <pose>Unspecified</pose>
        <truncated>0</truncated>
        <difficult>0</difficult>
        <bndbox>
            <xmin>197</xmin>
            <ymin>233</ymin>
            <xmax>423</xmax>
            <ymax>439</ymax>
        </bndbox>
    </object>
    <object>
        <name>nekobus</name>
        <pose>Unspecified</pose>
        <truncated>0</truncated>
        <difficult>0</difficult>
        <bndbox>
            <xmin>149</xmin>
            <ymin>332</ymin>
            <xmax>242</xmax>
            <ymax>393</ymax>
        </bndbox>
    </object>
</annotation>