<annotation>
    <folder>mages</folder>
    <filename>1569404498638.png</filename>
    <path>/client/totoro/images/1569404498638.png</path>
    <source>
        <database>Unknown</database>
    </source>
    <size>
        <width>500</width>
        <height>300</height>
        <depth>3</depth>
    </size>
    <segmented>0</segmented>
    <object>
        <name>totoro</name>
        <pose>Unspecified</pose>
        <truncated>0</truncated>
        <difficult>0</difficult>
        <bndbox>
            <xmin>72</xmin>
            <ymin>251</ymin>
            <xmax>251</xmax>
            <ymax>411</ymax>
        </bndbox>
    </object>
    <object>
        <name>nekobus</name>
        <pose>Unspecified</pose>
        <truncated>0</truncated>
        <difficult>0</difficult>
        <bndbox>
            <xmin>286</xmin>
            <ymin>353</ymin>
            <xmax>448</xmax>
            <ymax>461</ymax>
        </bndbox>
    </object>
</annotation>