<annotation>
    <folder>mages</folder>
    <filename>1569734373967.png</filename>
    <path>/client/totoro/images/1569734373967.png</path>
    <source>
        <database>Unknown</database>
    </source>
    <size>
        <width>500</width>
        <height>300</height>
        <depth>3</depth>
    </size>
    <segmented>0</segmented>
    <object>
        <name>nekobus</name>
        <pose>Unspecified</pose>
        <truncated>0</truncated>
        <difficult>0</difficult>
        <bndbox>
            <xmin>141</xmin>
            <ymin>348</ymin>
            <xmax>313</xmax>
            <ymax>451</ymax>
        </bndbox>
    </object>
    <object>
        <name>totoro</name>
        <pose>Unspecified</pose>
        <truncated>0</truncated>
        <difficult>0</difficult>
        <bndbox>
            <xmin>389</xmin>
            <ymin>263</ymin>
            <xmax>504</xmax>
            <ymax>380</ymax>
        </bndbox>
    </object>
</annotation>