<annotation>
    <folder>mages</folder>
    <filename>1569734101154.png</filename>
    <path>/client/totoro/images/1569734101154.png</path>
    <source>
        <database>Unknown</database>
    </source>
    <size>
        <width>500</width>
        <height>300</height>
        <depth>3</depth>
    </size>
    <segmented>0</segmented>
    <object>
        <name>totoro</name>
        <pose>Unspecified</pose>
        <truncated>0</truncated>
        <difficult>0</difficult>
        <bndbox>
            <xmin>270</xmin>
            <ymin>229</ymin>
            <xmax>487</xmax>
            <ymax>444</ymax>
        </bndbox>
    </object>
    <object>
        <name>nekobus</name>
        <pose>Unspecified</pose>
        <truncated>0</truncated>
        <difficult>0</difficult>
        <bndbox>
            <xmin>80</xmin>
            <ymin>325</ymin>
            <xmax>145</xmax>
            <ymax>360</ymax>
        </bndbox>
    </object>
</annotation>