<annotation>
    <folder>mages</folder>
    <filename>1569580924234.png</filename>
    <path>/client/totoro/images/1569580924234.png</path>
    <source>
        <database>Unknown</database>
    </source>
    <size>
        <width>500</width>
        <height>300</height>
        <depth>3</depth>
    </size>
    <segmented>0</segmented>
    <object>
        <name>nekobus</name>
        <pose>Unspecified</pose>
        <truncated>0</truncated>
        <difficult>0</difficult>
        <bndbox>
            <xmin>203</xmin>
            <ymin>343</ymin>
            <xmax>368</xmax>
            <ymax>451</ymax>
        </bndbox>
    </object>
</annotation>