<annotation>
    <folder>mages</folder>
    <filename>1569581199423.png</filename>
    <path>/client/totoro/images/1569581199423.png</path>
    <source>
        <database>Unknown</database>
    </source>
    <size>
        <width>500</width>
        <height>300</height>
        <depth>3</depth>
    </size>
    <segmented>0</segmented>
    <object>
        <name>totoro</name>
        <pose>Unspecified</pose>
        <truncated>0</truncated>
        <difficult>0</difficult>
        <bndbox>
            <xmin>17</xmin>
            <ymin>230</ymin>
            <xmax>244</xmax>
            <ymax>452</ymax>
        </bndbox>
    </object>
    <object>
        <name>nekobus</name>
        <pose>Unspecified</pose>
        <truncated>0</truncated>
        <difficult>0</difficult>
        <bndbox>
            <xmin>329</xmin>
            <ymin>354</ymin>
            <xmax>452</xmax>
            <ymax>444</ymax>
        </bndbox>
    </object>
</annotation>