<annotation>
	<folder>train</folder>
	<filename>IMG_20190906_104759.jpg</filename>
	<path>D:\NECTEC\Kid-Bright_AI\Temp\resim (2)\root\tfdata\images\train\IMG_20190906_104759.jpg</path>
	<source>
		<database>Unknown</database>
	</source>
	<size>
		<width>480</width>
		<height>360</height>
		<depth>3</depth>
	</size>
	<segmented>0</segmented>
	<object>
		<name>totoro</name>
		<pose>Unspecified</pose>
		<truncated>0</truncated>
		<difficult>0</difficult>
		<bndbox>
			<xmin>6</xmin>
			<ymin>101</ymin>
			<xmax>194</xmax>
			<ymax>245</ymax>
		</bndbox>
	</object>
	<object>
		<name>nekobus</name>
		<pose>Unspecified</pose>
		<truncated>0</truncated>
		<difficult>0</difficult>
		<bndbox>
			<xmin>204</xmin>
			<ymin>170</ymin>
			<xmax>272</xmax>
			<ymax>231</ymax>
		</bndbox>
	</object>
	<object>
		<name>totoro</name>
		<pose>Unspecified</pose>
		<truncated>0</truncated>
		<difficult>0</difficult>
		<bndbox>
			<xmin>272</xmin>
			<ymin>73</ymin>
			<xmax>468</xmax>
			<ymax>233</ymax>
		</bndbox>
	</object>
</annotation>
