<annotation>
	<folder>train</folder>
	<filename>IMG_20190906_105046.jpg</filename>
	<path>D:\NECTEC\Kid-Bright_AI\Temp\resim (2)\root\tfdata\images\train\IMG_20190906_105046.jpg</path>
	<source>
		<database>Unknown</database>
	</source>
	<size>
		<width>480</width>
		<height>640</height>
		<depth>3</depth>
	</size>
	<segmented>0</segmented>
	<object>
		<name>totoro</name>
		<pose>Unspecified</pose>
		<truncated>0</truncated>
		<difficult>0</difficult>
		<bndbox>
			<xmin>53</xmin>
			<ymin>150</ymin>
			<xmax>338</xmax>
			<ymax>499</ymax>
		</bndbox>
	</object>
</annotation>
