<annotation>
	<folder>train</folder>
	<filename>IMG_20190906_112321.jpg</filename>
	<path>D:\NECTEC\Kid-Bright_AI\Temp\resim (2)\root\tfdata\images\train\IMG_20190906_112321.jpg</path>
	<source>
		<database>Unknown</database>
	</source>
	<size>
		<width>480</width>
		<height>640</height>
		<depth>3</depth>
	</size>
	<segmented>0</segmented>
	<object>
		<name>totoro</name>
		<pose>Unspecified</pose>
		<truncated>0</truncated>
		<difficult>0</difficult>
		<bndbox>
			<xmin>128</xmin>
			<ymin>266</ymin>
			<xmax>290</xmax>
			<ymax>426</ymax>
		</bndbox>
	</object>
	<object>
		<name>nekobus</name>
		<pose>Unspecified</pose>
		<truncated>0</truncated>
		<difficult>0</difficult>
		<bndbox>
			<xmin>182</xmin>
			<ymin>423</ymin>
			<xmax>333</xmax>
			<ymax>544</ymax>
		</bndbox>
	</object>
</annotation>
