<annotation>
	<folder>train</folder>
	<filename>IMG_20190906_103619.jpg</filename>
	<path>D:\NECTEC\Kid-Bright_AI\Temp\resim (2)\root\tfdata\images\train\IMG_20190906_103619.jpg</path>
	<source>
		<database>Unknown</database>
	</source>
	<size>
		<width>480</width>
		<height>640</height>
		<depth>3</depth>
	</size>
	<segmented>0</segmented>
	<object>
		<name>totoro</name>
		<pose>Unspecified</pose>
		<truncated>1</truncated>
		<difficult>0</difficult>
		<bndbox>
			<xmin>316</xmin>
			<ymin>640</ymin>
			<xmax>480</xmax>
			<ymax>640</ymax>
		</bndbox>
	</object>
	<object>
		<name>totoro</name>
		<pose>Unspecified</pose>
		<truncated>0</truncated>
		<difficult>0</difficult>
		<bndbox>
			<xmin>50</xmin>
			<ymin>129</ymin>
			<xmax>413</xmax>
			<ymax>442</ymax>
		</bndbox>
	</object>
</annotation>
