<annotation>
	<folder>train</folder>
	<filename>IMG_20190906_104806.jpg</filename>
	<path>D:\NECTEC\Kid-Bright_AI\Temp\resim (2)\root\tfdata\images\train\IMG_20190906_104806.jpg</path>
	<source>
		<database>Unknown</database>
	</source>
	<size>
		<width>480</width>
		<height>360</height>
		<depth>3</depth>
	</size>
	<segmented>0</segmented>
	<object>
		<name>totoro</name>
		<pose>Unspecified</pose>
		<truncated>0</truncated>
		<difficult>0</difficult>
		<bndbox>
			<xmin>2</xmin>
			<ymin>100</ymin>
			<xmax>191</xmax>
			<ymax>245</ymax>
		</bndbox>
	</object>
	<object>
		<name>totoro</name>
		<pose>Unspecified</pose>
		<truncated>0</truncated>
		<difficult>0</difficult>
		<bndbox>
			<xmin>271</xmin>
			<ymin>77</ymin>
			<xmax>479</xmax>
			<ymax>240</ymax>
		</bndbox>
	</object>
	<object>
		<name>nekobus</name>
		<pose>Unspecified</pose>
		<truncated>0</truncated>
		<difficult>0</difficult>
		<bndbox>
			<xmin>192</xmin>
			<ymin>175</ymin>
			<xmax>297</xmax>
			<ymax>254</ymax>
		</bndbox>
	</object>
</annotation>
